,Date,Price,Cumul_Qty,FX_Price,Asset,Class,Currency,total_position_CLR.SI
0,2022-05-11,1.0140000581741333,0.0,1,CLR.SI,Investment,SGD,0.0
1,2022-05-12,0.9950000047683716,0.0,1,CLR.SI,Investment,SGD,0.0
2,2022-05-13,1.0069999694824219,0.0,1,CLR.SI,Investment,SGD,0.0
3,2022-05-14,1.0069999694824219,0.0,1,CLR.SI,Investment,SGD,0.0
4,2022-05-15,1.0069999694824219,0.0,1,CLR.SI,Investment,SGD,0.0
5,2022-05-16,1.0069999694824219,0.0,1,CLR.SI,Investment,SGD,0.0
6,2022-05-17,1.0119999647140503,0.0,1,CLR.SI,Investment,SGD,0.0
7,2022-05-18,1.0130000114440918,0.0,1,CLR.SI,Investment,SGD,0.0
8,2022-05-19,1.0089999437332153,0.0,1,CLR.SI,Investment,SGD,0.0
9,2022-05-20,1.0110000371932983,0.0,1,CLR.SI,Investment,SGD,0.0
10,2022-05-21,1.0110000371932983,0.0,1,CLR.SI,Investment,SGD,0.0
11,2022-05-22,1.0110000371932983,0.0,1,CLR.SI,Investment,SGD,0.0
12,2022-05-23,1.0130000114440918,0.0,1,CLR.SI,Investment,SGD,0.0
13,2022-05-24,1.003000020980835,0.0,1,CLR.SI,Investment,SGD,0.0
14,2022-05-25,1.0,0.0,1,CLR.SI,Investment,SGD,0.0
15,2022-05-26,0.9959999918937683,0.0,1,CLR.SI,Investment,SGD,0.0
16,2022-05-27,0.996999979019165,0.0,1,CLR.SI,Investment,SGD,0.0
17,2022-05-28,0.996999979019165,0.0,1,CLR.SI,Investment,SGD,0.0
18,2022-05-29,0.996999979019165,0.0,1,CLR.SI,Investment,SGD,0.0
19,2022-05-30,1.0199999809265137,0.0,1,CLR.SI,Investment,SGD,0.0
20,2022-05-31,1.0190000534057617,0.0,1,CLR.SI,Investment,SGD,0.0
21,2022-06-01,1.0130000114440918,0.0,1,CLR.SI,Investment,SGD,0.0
22,2022-06-02,1.0119999647140503,0.0,1,CLR.SI,Investment,SGD,0.0
23,2022-06-03,1.0199999809265137,0.0,1,CLR.SI,Investment,SGD,0.0
24,2022-06-04,1.0199999809265137,0.0,1,CLR.SI,Investment,SGD,0.0
25,2022-06-05,1.0199999809265137,0.0,1,CLR.SI,Investment,SGD,0.0
26,2022-06-06,1.0210000276565552,0.0,1,CLR.SI,Investment,SGD,0.0
27,2022-06-07,1.0199999809265137,0.0,1,CLR.SI,Investment,SGD,0.0
28,2022-06-08,1.0290000438690186,0.0,1,CLR.SI,Investment,SGD,0.0
29,2022-06-09,1.0299999713897705,0.0,1,CLR.SI,Investment,SGD,0.0
30,2022-06-10,1.0240000486373901,0.0,1,CLR.SI,Investment,SGD,0.0
31,2022-06-11,1.0240000486373901,0.0,1,CLR.SI,Investment,SGD,0.0
32,2022-06-12,1.0240000486373901,0.0,1,CLR.SI,Investment,SGD,0.0
33,2022-06-13,1.0069999694824219,0.0,1,CLR.SI,Investment,SGD,0.0
34,2022-06-14,0.9919999837875366,0.0,1,CLR.SI,Investment,SGD,0.0
35,2022-06-15,0.996999979019165,0.0,1,CLR.SI,Investment,SGD,0.0
36,2022-06-16,0.9940000176429749,0.0,1,CLR.SI,Investment,SGD,0.0
37,2022-06-17,0.9940000176429749,0.0,1,CLR.SI,Investment,SGD,0.0
38,2022-06-18,0.9940000176429749,0.0,1,CLR.SI,Investment,SGD,0.0
39,2022-06-19,0.9940000176429749,0.0,1,CLR.SI,Investment,SGD,0.0
40,2022-06-20,0.9919999837875366,0.0,1,CLR.SI,Investment,SGD,0.0
41,2022-06-21,0.996999979019165,0.0,1,CLR.SI,Investment,SGD,0.0
42,2022-06-22,1.0010000467300415,0.0,1,CLR.SI,Investment,SGD,0.0
43,2022-06-23,1.0049999952316284,0.0,1,CLR.SI,Investment,SGD,0.0
44,2022-06-24,1.0180000066757202,0.0,1,CLR.SI,Investment,SGD,0.0
45,2022-06-25,1.0180000066757202,0.0,1,CLR.SI,Investment,SGD,0.0
46,2022-06-26,1.0180000066757202,0.0,1,CLR.SI,Investment,SGD,0.0
47,2022-06-27,1.0230000019073486,0.0,1,CLR.SI,Investment,SGD,0.0
48,2022-06-28,1.0210000276565552,0.0,1,CLR.SI,Investment,SGD,0.0
49,2022-06-29,1.0210000276565552,0.0,1,CLR.SI,Investment,SGD,0.0
50,2022-06-30,1.0130000114440918,0.0,1,CLR.SI,Investment,SGD,0.0
51,2022-07-01,1.0119999647140503,0.0,1,CLR.SI,Investment,SGD,0.0
52,2022-07-02,1.0119999647140503,0.0,1,CLR.SI,Investment,SGD,0.0
53,2022-07-03,1.0119999647140503,0.0,1,CLR.SI,Investment,SGD,0.0
54,2022-07-04,1.0119999647140503,0.0,1,CLR.SI,Investment,SGD,0.0
55,2022-07-05,0.9990000128746033,0.0,1,CLR.SI,Investment,SGD,0.0
56,2022-07-06,1.0099999904632568,0.0,1,CLR.SI,Investment,SGD,0.0
57,2022-07-07,1.0099999904632568,0.0,1,CLR.SI,Investment,SGD,0.0
58,2022-07-08,1.0149999856948853,0.0,1,CLR.SI,Investment,SGD,0.0
59,2022-07-09,1.0149999856948853,0.0,1,CLR.SI,Investment,SGD,0.0
60,2022-07-10,1.0149999856948853,0.0,1,CLR.SI,Investment,SGD,0.0
61,2022-07-11,1.0149999856948853,0.0,1,CLR.SI,Investment,SGD,0.0
62,2022-07-12,1.0049999952316284,0.0,1,CLR.SI,Investment,SGD,0.0
63,2022-07-13,1.0169999599456787,0.0,1,CLR.SI,Investment,SGD,0.0
64,2022-07-14,1.0010000467300415,0.0,1,CLR.SI,Investment,SGD,0.0
65,2022-07-15,1.0069999694824219,0.0,1,CLR.SI,Investment,SGD,0.0
66,2022-07-16,1.0069999694824219,0.0,1,CLR.SI,Investment,SGD,0.0
67,2022-07-17,1.0069999694824219,0.0,1,CLR.SI,Investment,SGD,0.0
68,2022-07-18,1.0049999952316284,0.0,1,CLR.SI,Investment,SGD,0.0
69,2022-07-19,1.0019999742507935,0.0,1,CLR.SI,Investment,SGD,0.0
70,2022-07-20,1.003000020980835,0.0,1,CLR.SI,Investment,SGD,0.0
71,2022-07-21,1.003000020980835,0.0,1,CLR.SI,Investment,SGD,0.0
72,2022-07-22,1.0130000114440918,0.0,1,CLR.SI,Investment,SGD,0.0
73,2022-07-23,1.0130000114440918,0.0,1,CLR.SI,Investment,SGD,0.0
74,2022-07-24,1.0130000114440918,0.0,1,CLR.SI,Investment,SGD,0.0
75,2022-07-25,1.0180000066757202,0.0,1,CLR.SI,Investment,SGD,0.0
76,2022-07-26,1.0230000019073486,0.0,1,CLR.SI,Investment,SGD,0.0
77,2022-07-27,1.024999976158142,0.0,1,CLR.SI,Investment,SGD,0.0
78,2022-07-28,1.0119999647140503,0.0,1,CLR.SI,Investment,SGD,0.0
79,2022-07-29,1.0119999647140503,0.0,1,CLR.SI,Investment,SGD,0.0
80,2022-07-30,1.0119999647140503,0.0,1,CLR.SI,Investment,SGD,0.0
81,2022-07-31,1.0119999647140503,0.0,1,CLR.SI,Investment,SGD,0.0
82,2022-08-01,1.0160000324249268,0.0,1,CLR.SI,Investment,SGD,0.0
83,2022-08-02,1.0099999904632568,0.0,1,CLR.SI,Investment,SGD,0.0
84,2022-08-03,1.0140000581741333,0.0,1,CLR.SI,Investment,SGD,0.0
85,2022-08-04,1.0269999504089355,0.0,1,CLR.SI,Investment,SGD,0.0
86,2022-08-05,1.0230000019073486,0.0,1,CLR.SI,Investment,SGD,0.0
87,2022-08-06,1.0230000019073486,0.0,1,CLR.SI,Investment,SGD,0.0
88,2022-08-07,1.0230000019073486,0.0,1,CLR.SI,Investment,SGD,0.0
89,2022-08-08,1.0190000534057617,0.0,1,CLR.SI,Investment,SGD,0.0
90,2022-08-09,1.0190000534057617,0.0,1,CLR.SI,Investment,SGD,0.0
91,2022-08-10,1.0160000324249268,0.0,1,CLR.SI,Investment,SGD,0.0
92,2022-08-11,1.031000018119812,0.0,1,CLR.SI,Investment,SGD,0.0
93,2022-08-12,1.0240000486373901,0.0,1,CLR.SI,Investment,SGD,0.0
94,2022-08-13,1.0240000486373901,0.0,1,CLR.SI,Investment,SGD,0.0
95,2022-08-14,1.0240000486373901,0.0,1,CLR.SI,Investment,SGD,0.0
96,2022-08-15,1.0269999504089355,0.0,1,CLR.SI,Investment,SGD,0.0
97,2022-08-16,1.0199999809265137,0.0,1,CLR.SI,Investment,SGD,0.0
98,2022-08-17,1.0240000486373901,0.0,1,CLR.SI,Investment,SGD,0.0
99,2022-08-18,1.0290000438690186,0.0,1,CLR.SI,Investment,SGD,0.0
100,2022-08-19,1.0230000019073486,0.0,1,CLR.SI,Investment,SGD,0.0
101,2022-08-20,1.0230000019073486,0.0,1,CLR.SI,Investment,SGD,0.0
102,2022-08-21,1.0230000019073486,0.0,1,CLR.SI,Investment,SGD,0.0
103,2022-08-22,1.0210000276565552,0.0,1,CLR.SI,Investment,SGD,0.0
104,2022-08-23,1.0099999904632568,0.0,1,CLR.SI,Investment,SGD,0.0
105,2022-08-24,1.003000020980835,0.0,1,CLR.SI,Investment,SGD,0.0
106,2022-08-25,1.003000020980835,0.0,1,CLR.SI,Investment,SGD,0.0
107,2022-08-26,1.0069999694824219,0.0,1,CLR.SI,Investment,SGD,0.0
108,2022-08-27,1.0069999694824219,0.0,1,CLR.SI,Investment,SGD,0.0
109,2022-08-28,1.0069999694824219,0.0,1,CLR.SI,Investment,SGD,0.0
110,2022-08-29,0.9990000128746033,0.0,1,CLR.SI,Investment,SGD,0.0
111,2022-08-30,1.0,0.0,1,CLR.SI,Investment,SGD,0.0
112,2022-08-31,0.9929999709129333,0.0,1,CLR.SI,Investment,SGD,0.0
113,2022-09-01,0.9909999966621399,0.0,1,CLR.SI,Investment,SGD,0.0
114,2022-09-02,0.9900000095367432,0.0,1,CLR.SI,Investment,SGD,0.0
115,2022-09-03,0.9900000095367432,0.0,1,CLR.SI,Investment,SGD,0.0
116,2022-09-04,0.9900000095367432,0.0,1,CLR.SI,Investment,SGD,0.0
117,2022-09-05,0.9919999837875366,0.0,1,CLR.SI,Investment,SGD,0.0
118,2022-09-06,0.9929999709129333,0.0,1,CLR.SI,Investment,SGD,0.0
119,2022-09-07,0.9940000176429749,0.0,1,CLR.SI,Investment,SGD,0.0
120,2022-09-08,1.00600004196167,0.0,1,CLR.SI,Investment,SGD,0.0
121,2022-09-09,1.0080000162124634,0.0,1,CLR.SI,Investment,SGD,0.0
122,2022-09-10,1.0080000162124634,0.0,1,CLR.SI,Investment,SGD,0.0
123,2022-09-11,1.0080000162124634,0.0,1,CLR.SI,Investment,SGD,0.0
124,2022-09-12,1.0099999904632568,0.0,1,CLR.SI,Investment,SGD,0.0
125,2022-09-13,1.0119999647140503,0.0,1,CLR.SI,Investment,SGD,0.0
126,2022-09-14,0.9980000257492065,0.0,1,CLR.SI,Investment,SGD,0.0
127,2022-09-15,0.9990000128746033,0.0,1,CLR.SI,Investment,SGD,0.0
128,2022-09-16,0.9909999966621399,0.0,1,CLR.SI,Investment,SGD,0.0
129,2022-09-17,0.9909999966621399,0.0,1,CLR.SI,Investment,SGD,0.0
130,2022-09-18,0.9909999966621399,0.0,1,CLR.SI,Investment,SGD,0.0
131,2022-09-19,0.9909999966621399,0.0,1,CLR.SI,Investment,SGD,0.0
132,2022-09-20,1.0,0.0,1,CLR.SI,Investment,SGD,0.0
133,2022-09-21,0.9860000014305115,0.0,1,CLR.SI,Investment,SGD,0.0
134,2022-09-22,0.9829999804496765,0.0,1,CLR.SI,Investment,SGD,0.0
135,2022-09-23,0.9700000286102295,0.0,1,CLR.SI,Investment,SGD,0.0
136,2022-09-24,0.9700000286102295,0.0,1,CLR.SI,Investment,SGD,0.0
137,2022-09-25,0.9700000286102295,0.0,1,CLR.SI,Investment,SGD,0.0
138,2022-09-26,0.9470000267028809,0.0,1,CLR.SI,Investment,SGD,0.0
139,2022-09-27,0.9309999942779541,300000.0,1,CLR.SI,Investment,SGD,279299.99828338623
140,2022-09-28,0.9129999876022339,300000.0,1,CLR.SI,Investment,SGD,273899.99628067017
141,2022-09-29,0.9120000004768372,300000.0,1,CLR.SI,Investment,SGD,273600.00014305115
142,2022-09-30,0.9160000085830688,300000.0,1,CLR.SI,Investment,SGD,274800.00257492065
143,2022-10-01,0.9160000085830688,300000.0,1,CLR.SI,Investment,SGD,274800.00257492065
144,2022-10-02,0.9160000085830688,300000.0,1,CLR.SI,Investment,SGD,274800.00257492065
145,2022-10-03,0.9070000052452087,300000.0,1,CLR.SI,Investment,SGD,272100.0015735626
146,2022-10-04,0.9200000166893005,300000.0,1,CLR.SI,Investment,SGD,276000.00500679016
147,2022-10-05,0.9350000023841858,400000.0,1,CLR.SI,Investment,SGD,374000.0009536743
148,2022-10-06,0.9279999732971191,400000.0,1,CLR.SI,Investment,SGD,371199.98931884766
149,2022-10-07,0.9229999780654907,400000.0,1,CLR.SI,Investment,SGD,369199.9912261963
150,2022-10-08,0.9229999780654907,400000.0,1,CLR.SI,Investment,SGD,369199.9912261963
151,2022-10-09,0.9229999780654907,400000.0,1,CLR.SI,Investment,SGD,369199.9912261963
152,2022-10-10,0.9110000133514404,400000.0,1,CLR.SI,Investment,SGD,364400.0053405762
153,2022-10-11,0.906000018119812,400000.0,1,CLR.SI,Investment,SGD,362400.0072479248
154,2022-10-12,0.9010000228881836,400000.0,1,CLR.SI,Investment,SGD,360400.00915527344
155,2022-10-13,0.8880000114440918,400000.0,1,CLR.SI,Investment,SGD,355200.0045776367
156,2022-10-14,0.8769999742507935,400000.0,1,CLR.SI,Investment,SGD,350799.9897003174
157,2022-10-15,0.8769999742507935,400000.0,1,CLR.SI,Investment,SGD,350799.9897003174
158,2022-10-16,0.8769999742507935,400000.0,1,CLR.SI,Investment,SGD,350799.9897003174
159,2022-10-17,0.875,400000.0,1,CLR.SI,Investment,SGD,350000.0
160,2022-10-18,0.8740000128746033,400000.0,1,CLR.SI,Investment,SGD,349600.0051498413
161,2022-10-19,0.859000027179718,400000.0,1,CLR.SI,Investment,SGD,343600.0108718872
162,2022-10-20,0.8600000143051147,400000.0,1,CLR.SI,Investment,SGD,344000.0057220459
163,2022-10-21,0.8309999704360962,400000.0,1,CLR.SI,Investment,SGD,332399.9881744385
164,2022-10-22,0.8309999704360962,400000.0,1,CLR.SI,Investment,SGD,332399.9881744385
165,2022-10-23,0.8309999704360962,400000.0,1,CLR.SI,Investment,SGD,332399.9881744385
166,2022-10-24,0.8309999704360962,400000.0,1,CLR.SI,Investment,SGD,332399.9881744385
167,2022-10-25,0.847000002861023,475000.0,1,CLR.SI,Investment,SGD,402325.0013589859
168,2022-10-26,0.8790000081062317,475000.0,1,CLR.SI,Investment,SGD,417525.00385046005
169,2022-10-27,0.878000020980835,475000.0,1,CLR.SI,Investment,SGD,417050.0099658966
170,2022-10-28,0.8799999952316284,475000.0,1,CLR.SI,Investment,SGD,417999.9977350235
171,2022-10-29,0.8799999952316284,475000.0,1,CLR.SI,Investment,SGD,417999.9977350235
172,2022-10-30,0.8799999952316284,475000.0,1,CLR.SI,Investment,SGD,417999.9977350235
173,2022-10-31,0.8669999837875366,475000.0,1,CLR.SI,Investment,SGD,411824.9922990799
174,2022-11-01,0.878000020980835,475000.0,1,CLR.SI,Investment,SGD,417050.0099658966
175,2022-11-02,0.8880000114440918,475000.0,1,CLR.SI,Investment,SGD,421800.0054359436
176,2022-11-03,0.8600000143051147,475000.0,1,CLR.SI,Investment,SGD,408500.0067949295
177,2022-11-04,0.8659999966621399,475000.0,1,CLR.SI,Investment,SGD,411349.99841451645
178,2022-11-05,0.8659999966621399,475000.0,1,CLR.SI,Investment,SGD,411349.99841451645
179,2022-11-06,0.8659999966621399,475000.0,1,CLR.SI,Investment,SGD,411349.99841451645
180,2022-11-07,0.8600000143051147,475000.0,1,CLR.SI,Investment,SGD,408500.0067949295
181,2022-11-08,0.8600000143051147,475000.0,1,CLR.SI,Investment,SGD,408500.0067949295
182,2022-11-09,0.8700000047683716,475000.0,1,CLR.SI,Investment,SGD,413250.0022649765
183,2022-11-10,0.871999979019165,475000.0,1,CLR.SI,Investment,SGD,414199.9900341034
184,2022-11-11,0.9150000214576721,475000.0,1,CLR.SI,Investment,SGD,434625.01019239426
185,2022-11-12,0.9150000214576721,475000.0,1,CLR.SI,Investment,SGD,434625.01019239426
186,2022-11-13,0.9150000214576721,475000.0,1,CLR.SI,Investment,SGD,434625.01019239426
187,2022-11-14,0.9179999828338623,475000.0,1,CLR.SI,Investment,SGD,436049.9918460846
188,2022-11-15,0.9200000166893005,475000.0,1,CLR.SI,Investment,SGD,437000.00792741776
189,2022-11-16,0.9200000166893005,475000.0,1,CLR.SI,Investment,SGD,437000.00792741776
190,2022-11-17,0.9190000295639038,475000.0,1,CLR.SI,Investment,SGD,436525.0140428543
191,2022-11-18,0.9200000166893005,475000.0,1,CLR.SI,Investment,SGD,437000.00792741776
192,2022-11-19,0.9200000166893005,475000.0,1,CLR.SI,Investment,SGD,437000.00792741776
193,2022-11-20,0.9200000166893005,475000.0,1,CLR.SI,Investment,SGD,437000.00792741776
194,2022-11-21,0.9079999923706055,475000.0,1,CLR.SI,Investment,SGD,431299.9963760376
195,2022-11-22,0.9100000262260437,475000.0,1,CLR.SI,Investment,SGD,432250.01245737076
196,2022-11-23,0.8980000019073486,475000.0,1,CLR.SI,Investment,SGD,426550.0009059906
197,2022-11-24,0.8970000147819519,475000.0,1,CLR.SI,Investment,SGD,426075.00702142715
198,2022-11-25,0.9039999842643738,475000.0,1,CLR.SI,Investment,SGD,429399.99252557755
199,2022-11-26,0.9039999842643738,475000.0,1,CLR.SI,Investment,SGD,429399.99252557755
200,2022-11-27,0.9039999842643738,475000.0,1,CLR.SI,Investment,SGD,429399.99252557755
201,2022-11-28,0.9089999794960022,475000.0,1,CLR.SI,Investment,SGD,431774.99026060104
202,2022-11-29,0.9129999876022339,475000.0,1,CLR.SI,Investment,SGD,433674.9941110611
203,2022-11-30,0.9129999876022339,475000.0,1,CLR.SI,Investment,SGD,433674.9941110611
204,2022-12-01,0.9179999828338623,475000.0,1,CLR.SI,Investment,SGD,436049.9918460846
205,2022-12-02,0.9010000228881836,475000.0,1,CLR.SI,Investment,SGD,427975.0108718872
206,2022-12-03,0.9010000228881836,475000.0,1,CLR.SI,Investment,SGD,427975.0108718872
207,2022-12-04,0.9010000228881836,475000.0,1,CLR.SI,Investment,SGD,427975.0108718872
208,2022-12-05,0.9160000085830688,475000.0,1,CLR.SI,Investment,SGD,435100.0040769577
209,2022-12-06,0.9150000214576721,475000.0,1,CLR.SI,Investment,SGD,434625.01019239426
210,2022-12-07,0.9089999794960022,475000.0,1,CLR.SI,Investment,SGD,431774.99026060104
211,2022-12-08,0.9089999794960022,475000.0,1,CLR.SI,Investment,SGD,431774.99026060104
212,2022-12-09,0.9079999923706055,475000.0,1,CLR.SI,Investment,SGD,431299.9963760376
213,2022-12-10,0.9079999923706055,475000.0,1,CLR.SI,Investment,SGD,431299.9963760376
214,2022-12-11,0.9079999923706055,475000.0,1,CLR.SI,Investment,SGD,431299.9963760376
215,2022-12-12,0.8960000276565552,475000.0,1,CLR.SI,Investment,SGD,425600.0131368637
216,2022-12-13,0.8980000019073486,475000.0,1,CLR.SI,Investment,SGD,426550.0009059906
217,2022-12-14,0.9100000262260437,475000.0,1,CLR.SI,Investment,SGD,432250.01245737076
218,2022-12-15,0.9169999957084656,475000.0,1,CLR.SI,Investment,SGD,435574.99796152115
219,2022-12-16,0.9049999713897705,475000.0,1,CLR.SI,Investment,SGD,429874.986410141
220,2022-12-17,0.9049999713897705,475000.0,1,CLR.SI,Investment,SGD,429874.986410141
221,2022-12-18,0.9049999713897705,475000.0,1,CLR.SI,Investment,SGD,429874.986410141
222,2022-12-19,0.8980000019073486,475000.0,1,CLR.SI,Investment,SGD,426550.0009059906
223,2022-12-20,0.8880000114440918,475000.0,1,CLR.SI,Investment,SGD,421800.0054359436
224,2022-12-21,0.8849999904632568,475000.0,1,CLR.SI,Investment,SGD,420374.995470047
225,2022-12-22,0.8899999856948853,475000.0,1,CLR.SI,Investment,SGD,422749.9932050705
226,2022-12-23,0.8889999985694885,475000.0,1,CLR.SI,Investment,SGD,422274.99932050705
227,2022-12-24,0.8889999985694885,475000.0,1,CLR.SI,Investment,SGD,422274.99932050705
228,2022-12-25,0.8889999985694885,475000.0,1,CLR.SI,Investment,SGD,422274.99932050705
229,2022-12-26,0.8889999985694885,475000.0,1,CLR.SI,Investment,SGD,422274.99932050705
230,2022-12-27,0.8980000019073486,475000.0,1,CLR.SI,Investment,SGD,426550.0009059906
231,2022-12-28,0.8920000195503235,475000.0,1,CLR.SI,Investment,SGD,423700.00928640366
232,2022-12-29,0.8899999856948853,475000.0,1,CLR.SI,Investment,SGD,422749.9932050705
233,2022-12-30,0.8999999761581421,475000.0,1,CLR.SI,Investment,SGD,427499.9886751175
234,2022-12-31,0.8999999761581421,475000.0,1,CLR.SI,Investment,SGD,427499.9886751175
235,2023-01-01,0.8999999761581421,475000.0,1,CLR.SI,Investment,SGD,427499.9886751175
236,2023-01-02,0.8999999761581421,475000.0,1,CLR.SI,Investment,SGD,427499.9886751175
237,2023-01-03,0.8999999761581421,475000.0,1,CLR.SI,Investment,SGD,427499.9886751175
238,2023-01-04,0.8989999890327454,475000.0,1,CLR.SI,Investment,SGD,427024.99479055405
239,2023-01-05,0.9079999923706055,475000.0,1,CLR.SI,Investment,SGD,431299.9963760376
240,2023-01-06,0.8960000276565552,475000.0,1,CLR.SI,Investment,SGD,425600.0131368637
241,2023-01-07,0.8960000276565552,475000.0,1,CLR.SI,Investment,SGD,425600.0131368637
242,2023-01-08,0.8960000276565552,475000.0,1,CLR.SI,Investment,SGD,425600.0131368637
243,2023-01-09,0.8999999761581421,475000.0,1,CLR.SI,Investment,SGD,427499.9886751175
244,2023-01-10,0.8980000019073486,475000.0,1,CLR.SI,Investment,SGD,426550.0009059906
245,2023-01-11,0.9020000100135803,475000.0,1,CLR.SI,Investment,SGD,428450.00475645065
246,2023-01-12,0.9039999842643738,475000.0,1,CLR.SI,Investment,SGD,429399.99252557755
247,2023-01-13,0.9049999713897705,475000.0,1,CLR.SI,Investment,SGD,429874.986410141
248,2023-01-14,0.9049999713897705,475000.0,1,CLR.SI,Investment,SGD,429874.986410141
249,2023-01-15,0.9049999713897705,475000.0,1,CLR.SI,Investment,SGD,429874.986410141
250,2023-01-16,0.9070000052452087,475000.0,1,CLR.SI,Investment,SGD,430825.00249147415
251,2023-01-17,0.9100000262260437,475000.0,1,CLR.SI,Investment,SGD,432250.01245737076
252,2023-01-18,0.9139999747276306,475000.0,1,CLR.SI,Investment,SGD,434149.98799562454
253,2023-01-19,0.921999990940094,475000.0,1,CLR.SI,Investment,SGD,437949.99569654465
254,2023-01-20,0.9279999732971191,475000.0,1,CLR.SI,Investment,SGD,440799.9873161316
255,2023-01-21,0.9279999732971191,475000.0,1,CLR.SI,Investment,SGD,440799.9873161316
256,2023-01-22,0.9279999732971191,475000.0,1,CLR.SI,Investment,SGD,440799.9873161316
257,2023-01-23,0.9279999732971191,475000.0,1,CLR.SI,Investment,SGD,440799.9873161316
258,2023-01-24,0.9279999732971191,475000.0,1,CLR.SI,Investment,SGD,440799.9873161316
259,2023-01-25,0.9449999928474426,475000.0,1,CLR.SI,Investment,SGD,448874.99660253525
260,2023-01-26,0.9610000252723694,475000.0,1,CLR.SI,Investment,SGD,456475.01200437546
261,2023-01-27,0.9710000157356262,475000.0,1,CLR.SI,Investment,SGD,461225.00747442245
262,2023-01-28,0.9710000157356262,475000.0,1,CLR.SI,Investment,SGD,461225.00747442245
263,2023-01-29,0.9710000157356262,475000.0,1,CLR.SI,Investment,SGD,461225.00747442245
264,2023-01-30,0.968999981880188,475000.0,1,CLR.SI,Investment,SGD,460274.9913930893
265,2023-01-31,0.9369999766349792,475000.0,1,CLR.SI,Investment,SGD,445074.98890161514
266,2023-02-01,0.9449999928474426,475000.0,1,CLR.SI,Investment,SGD,448874.99660253525
267,2023-02-02,0.9559999704360962,475000.0,1,CLR.SI,Investment,SGD,454099.9859571457
268,2023-02-03,0.9660000205039978,475000.0,1,CLR.SI,Investment,SGD,458850.00973939896
269,2023-02-04,0.9660000205039978,475000.0,1,CLR.SI,Investment,SGD,458850.00973939896
270,2023-02-05,0.9660000205039978,475000.0,1,CLR.SI,Investment,SGD,458850.00973939896
271,2023-02-06,0.9539999961853027,475000.0,1,CLR.SI,Investment,SGD,453149.9981880188
272,2023-02-07,0.9449999928474426,475000.0,1,CLR.SI,Investment,SGD,448874.99660253525
273,2023-02-08,0.9459999799728394,475000.0,1,CLR.SI,Investment,SGD,449349.9904870987
274,2023-02-09,0.9340000152587891,475000.0,1,CLR.SI,Investment,SGD,443650.0072479248
275,2023-02-10,0.9279999732971191,475000.0,1,CLR.SI,Investment,SGD,440799.9873161316
276,2023-02-11,0.9279999732971191,475000.0,1,CLR.SI,Investment,SGD,440799.9873161316
277,2023-02-12,0.9279999732971191,475000.0,1,CLR.SI,Investment,SGD,440799.9873161316
278,2023-02-13,0.9210000038146973,475000.0,1,CLR.SI,Investment,SGD,437475.0018119812
279,2023-02-14,0.9229999780654907,475000.0,1,CLR.SI,Investment,SGD,438424.9895811081
280,2023-02-15,0.9110000133514404,475000.0,1,CLR.SI,Investment,SGD,432725.0063419342
281,2023-02-16,0.9240000247955322,475000.0,1,CLR.SI,Investment,SGD,438900.0117778778
282,2023-02-17,0.9150000214576721,475000.0,1,CLR.SI,Investment,SGD,434625.01019239426
283,2023-02-18,0.9150000214576721,475000.0,1,CLR.SI,Investment,SGD,434625.01019239426
284,2023-02-19,0.9150000214576721,475000.0,1,CLR.SI,Investment,SGD,434625.01019239426
285,2023-02-20,0.9200000166893005,475000.0,1,CLR.SI,Investment,SGD,437000.00792741776
286,2023-02-21,0.9210000038146973,475000.0,1,CLR.SI,Investment,SGD,437475.0018119812
287,2023-02-22,0.9120000004768372,475000.0,1,CLR.SI,Investment,SGD,433200.00022649765
288,2023-02-23,0.9200000166893005,475000.0,1,CLR.SI,Investment,SGD,437000.00792741776
289,2023-02-24,0.9259999990463257,475000.0,1,CLR.SI,Investment,SGD,439849.9995470047
290,2023-02-25,0.9259999990463257,475000.0,1,CLR.SI,Investment,SGD,439849.9995470047
291,2023-02-26,0.9259999990463257,475000.0,1,CLR.SI,Investment,SGD,439849.9995470047
292,2023-02-27,0.921999990940094,475000.0,1,CLR.SI,Investment,SGD,437949.99569654465
293,2023-02-28,0.9259999990463257,475000.0,1,CLR.SI,Investment,SGD,439849.9995470047
294,2023-03-01,0.9290000200271606,475000.0,1,CLR.SI,Investment,SGD,441275.0095129013
295,2023-03-02,0.9200000166893005,475000.0,1,CLR.SI,Investment,SGD,437000.00792741776
296,2023-03-03,0.9279999732971191,475000.0,1,CLR.SI,Investment,SGD,440799.9873161316
297,2023-03-04,0.9279999732971191,475000.0,1,CLR.SI,Investment,SGD,440799.9873161316
298,2023-03-05,0.9279999732971191,475000.0,1,CLR.SI,Investment,SGD,440799.9873161316
299,2023-03-06,0.9210000038146973,475000.0,1,CLR.SI,Investment,SGD,437475.0018119812
300,2023-03-07,0.9210000038146973,475000.0,1,CLR.SI,Investment,SGD,437475.0018119812
301,2023-03-08,0.9079999923706055,475000.0,1,CLR.SI,Investment,SGD,431299.9963760376
302,2023-03-09,0.902999997138977,475000.0,1,CLR.SI,Investment,SGD,428924.9986410141
303,2023-03-10,0.8999999761581421,475000.0,1,CLR.SI,Investment,SGD,427499.9886751175
304,2023-03-11,0.8999999761581421,475000.0,1,CLR.SI,Investment,SGD,427499.9886751175
305,2023-03-12,0.8999999761581421,475000.0,1,CLR.SI,Investment,SGD,427499.9886751175
306,2023-03-13,0.890999972820282,475000.0,1,CLR.SI,Investment,SGD,423224.98708963394
307,2023-03-14,0.9139999747276306,475000.0,1,CLR.SI,Investment,SGD,434149.98799562454
308,2023-03-15,0.9160000085830688,475000.0,1,CLR.SI,Investment,SGD,435100.0040769577
309,2023-03-16,0.921999990940094,475000.0,1,CLR.SI,Investment,SGD,437949.99569654465
310,2023-03-17,0.921999990940094,475000.0,1,CLR.SI,Investment,SGD,437949.99569654465
311,2023-03-18,0.921999990940094,475000.0,1,CLR.SI,Investment,SGD,437949.99569654465
312,2023-03-19,0.921999990940094,475000.0,1,CLR.SI,Investment,SGD,437949.99569654465
313,2023-03-20,0.9100000262260437,475000.0,1,CLR.SI,Investment,SGD,432250.01245737076
314,2023-03-21,0.9139999747276306,475000.0,1,CLR.SI,Investment,SGD,434149.98799562454
315,2023-03-22,0.9160000085830688,475000.0,1,CLR.SI,Investment,SGD,435100.0040769577
316,2023-03-23,0.9160000085830688,475000.0,1,CLR.SI,Investment,SGD,435100.0040769577
317,2023-03-24,0.9169999957084656,475000.0,1,CLR.SI,Investment,SGD,435574.99796152115
318,2023-03-25,0.9169999957084656,475000.0,1,CLR.SI,Investment,SGD,435574.99796152115
319,2023-03-26,0.9169999957084656,475000.0,1,CLR.SI,Investment,SGD,435574.99796152115
320,2023-03-27,0.9229999780654907,475000.0,1,CLR.SI,Investment,SGD,438424.9895811081
321,2023-03-28,0.925000011920929,475000.0,1,CLR.SI,Investment,SGD,439375.00566244125
322,2023-03-29,0.9229999780654907,475000.0,1,CLR.SI,Investment,SGD,438424.9895811081
323,2023-03-30,0.9200000166893005,475000.0,1,CLR.SI,Investment,SGD,437000.00792741776
324,2023-03-31,0.9279999732971191,475000.0,1,CLR.SI,Investment,SGD,440799.9873161316
325,2023-04-01,0.9279999732971191,475000.0,1,CLR.SI,Investment,SGD,440799.9873161316
326,2023-04-02,0.9279999732971191,475000.0,1,CLR.SI,Investment,SGD,440799.9873161316
327,2023-04-03,0.9369999766349792,475000.0,1,CLR.SI,Investment,SGD,445074.98890161514
328,2023-04-04,0.9440000057220459,475000.0,1,CLR.SI,Investment,SGD,448400.0027179718
329,2023-04-05,0.9430000185966492,475000.0,1,CLR.SI,Investment,SGD,447925.00883340836
330,2023-04-06,0.9369999766349792,475000.0,1,CLR.SI,Investment,SGD,445074.98890161514
331,2023-04-07,0.9369999766349792,475000.0,1,CLR.SI,Investment,SGD,445074.98890161514
332,2023-04-08,0.9369999766349792,475000.0,1,CLR.SI,Investment,SGD,445074.98890161514
333,2023-04-09,0.9369999766349792,475000.0,1,CLR.SI,Investment,SGD,445074.98890161514
334,2023-04-10,0.9380000233650208,475000.0,1,CLR.SI,Investment,SGD,445550.01109838486
335,2023-04-11,0.9409999847412109,475000.0,1,CLR.SI,Investment,SGD,446974.9927520752
336,2023-04-12,0.9350000023841858,475000.0,1,CLR.SI,Investment,SGD,444125.00113248825
337,2023-04-13,0.9419999718666077,475000.0,1,CLR.SI,Investment,SGD,447449.98663663864
338,2023-04-14,0.9440000057220459,475000.0,1,CLR.SI,Investment,SGD,448400.0027179718
339,2023-04-15,0.9440000057220459,475000.0,1,CLR.SI,Investment,SGD,448400.0027179718
340,2023-04-16,0.9440000057220459,475000.0,1,CLR.SI,Investment,SGD,448400.0027179718
341,2023-04-17,0.9449999928474426,475000.0,1,CLR.SI,Investment,SGD,448874.99660253525
342,2023-04-18,0.9440000057220459,475000.0,1,CLR.SI,Investment,SGD,448400.0027179718
343,2023-04-19,0.9459999799728394,475000.0,1,CLR.SI,Investment,SGD,449349.9904870987
